<?xml version="1.0" encoding="UTF-8"?>
<module>
  <exporttime>2015-01-29 22:30:40</exporttime>
  <name>Event</name>
  <label>Event Management</label>
  <parent>Marketing</parent>
  <dependencies>
    <vtiger_version>5.4.0</vtiger_version>
  </dependencies>
  <tables>
    <table>
      <name>vtiger_event</name>
      <sql><![CDATA[CREATE TABLE `vtiger_event` (`eventid` int(11) default NULL, `eventno` varchar(100) default NULL, `tkseventname` varchar(255) default NULL ,`tksticketsavailable` varchar(10) default NULL ,`tksdateofevent` date default NULL ,`tkseventtype` varchar(100) default NULL ,`tksvenue` varchar(255) default NULL ,`tksvenueaddress` varchar(255) default NULL ,`tkstarget` decimal(25,2) default NULL ,`tksactual` decimal(25,2) default NULL ,`tksspeakeri` varchar(100) default NULL ,`tksspeakerii` varchar(100) default NULL ,`tksspeakeriii` varchar(100) default NULL ,`tksspeakeriv` varchar(100) default NULL ,`tksspeakerv` varchar(100) default NULL ,`tksspeakervi` varchar(100) default NULL ,`tksspeakervii` varchar(100) default NULL ,`tksspeakerviii` varchar(100) default NULL ,`tksspeakerix` varchar(100) default NULL ,`tksspeakerx` varchar(100) default NULL ,`tksspeakerxi` varchar(100) default NULL ,`tksspeakerxii` varchar(100) default NULL ,`tksspeakerxiii` varchar(100) default NULL ,`tksspeakerxiv` varchar(100) default NULL ,`tksrolei` varchar(255) default NULL ,`tkspersoni` varchar(100) default NULL ,`tksroleii` varchar(255) default NULL ,`tkspersonii` varchar(100) default NULL ,`tksroleiii` varchar(255) default NULL ,`tkspersoniii` varchar(100) default NULL ,`tksroleiv` varchar(255) default NULL ,`tkspersoniv` varchar(100) default NULL ,`tksrolev` varchar(255) default NULL ,`tkspersonv` varchar(100) default NULL ,`tksrolevi` varchar(255) default NULL ,`tkspersonvi` varchar(100) default NULL ,`tksrolevii` varchar(255) default NULL ,`tkspersonvii` varchar(100) default NULL ,`tksroleviii` varchar(255) default NULL ,`tkspersonviii` varchar(100) default NULL ,`tksroleix` varchar(255) default NULL ,`tkspersonix` varchar(100) default NULL ,`tksrolex` varchar(255) default NULL ,`tkspersonx` varchar(100) default NULL  ) ENGINE=InnoDB DEFAULT CHARSET=utf8]]></sql>
    </table>
    <table>
      <name>vtiger_eventcf</name>
      <sql><![CDATA[CREATE TABLE `vtiger_eventcf` (`eventid` int(11) NOT NULL, PRIMARY KEY (`eventid`) ) ENGINE=InnoDB DEFAULT CHARSET=utf8]]></sql>
    </table>
  </tables>
  <blocks>
    <block>
      <label>Event Information</label>
      <fields>
        <field>
          <fieldname>eventno</fieldname>
          <uitype>4</uitype>
          <columnname>eventno</columnname>
          <tablename>vtiger_event</tablename>
          <generatedtype>1</generatedtype>
          <fieldlabel>Event No</fieldlabel>
          <readonly>1</readonly>
          <presence>2</presence>
          <defaultvalue></defaultvalue>
          <sequence>0</sequence>
          <maximumlength>100</maximumlength>
          <typeofdata>V~M</typeofdata>
          <quickcreate>1</quickcreate>
          <quickcreatesequence></quickcreatesequence>
          <displaytype>1</displaytype>
          <info_type>BAS</info_type>
          <helpinfo><![CDATA[]]></helpinfo>
          <masseditable>1</masseditable>
          <entityidentifier>
            <entityidfield>eventid</entityidfield>
            <entityidcolumn>eventid</entityidcolumn>
          </entityidentifier>
        </field>
        <field>
          <fieldname>tkseventname</fieldname>
          <uitype>2</uitype>
          <columnname>tkseventname</columnname>
          <tablename>vtiger_event</tablename>
          <generatedtype>1</generatedtype>
          <fieldlabel>Event Name</fieldlabel>
          <readonly>1</readonly>
          <presence>2</presence>
          <defaultvalue></defaultvalue>
          <sequence>1</sequence>
          <maximumlength>255</maximumlength>
          <typeofdata>V~M</typeofdata>
          <quickcreate>1</quickcreate>
          <quickcreatesequence></quickcreatesequence>
          <displaytype>1</displaytype>
          <info_type>BAS</info_type>
          <helpinfo><![CDATA[]]></helpinfo>
          <masseditable>1</masseditable>
        </field>
        <field>
          <fieldname>tksticketsavailable</fieldname>
          <uitype>7</uitype>
          <columnname>tksticketsavailable</columnname>
          <tablename>vtiger_event</tablename>
          <generatedtype>1</generatedtype>
          <fieldlabel>Tickets Available</fieldlabel>
          <readonly>1</readonly>
          <presence>2</presence>
          <defaultvalue></defaultvalue>
          <sequence>2</sequence>
          <maximumlength>10</maximumlength>
          <typeofdata>N~O</typeofdata>
          <quickcreate>1</quickcreate>
          <quickcreatesequence></quickcreatesequence>
          <displaytype>1</displaytype>
          <info_type>BAS</info_type>
          <helpinfo><![CDATA[]]></helpinfo>
          <masseditable>1</masseditable>
        </field>
        <field>
          <fieldname>tksdateofevent</fieldname>
          <uitype>5</uitype>
          <columnname>tksdateofevent</columnname>
          <tablename>vtiger_event</tablename>
          <generatedtype>1</generatedtype>
          <fieldlabel>Date of Event</fieldlabel>
          <readonly>1</readonly>
          <presence>2</presence>
          <defaultvalue></defaultvalue>
          <sequence>3</sequence>
          <maximumlength>100</maximumlength>
          <typeofdata>D~O</typeofdata>
          <quickcreate>1</quickcreate>
          <quickcreatesequence></quickcreatesequence>
          <displaytype>1</displaytype>
          <info_type>BAS</info_type>
          <helpinfo><![CDATA[]]></helpinfo>
          <masseditable>1</masseditable>
        </field>
        <field>
          <fieldname>tkseventtype</fieldname>
          <uitype>15</uitype>
          <columnname>tkseventtype</columnname>
          <tablename>vtiger_event</tablename>
          <generatedtype>1</generatedtype>
          <fieldlabel>Event Type</fieldlabel>
          <readonly>1</readonly>
          <presence>2</presence>
          <defaultvalue></defaultvalue>
          <sequence>4</sequence>
          <maximumlength>100</maximumlength>
          <typeofdata>V~O</typeofdata>
          <quickcreate>1</quickcreate>
          <quickcreatesequence></quickcreatesequence>
          <displaytype>1</displaytype>
          <info_type>BAS</info_type>
          <helpinfo><![CDATA[]]></helpinfo>
          <masseditable>1</masseditable>
          <picklistvalues>
            <picklistvalue>Type 1</picklistvalue>
            <picklistvalue>Type 2</picklistvalue>
            <picklistvalue>Type 3</picklistvalue>
          </picklistvalues>
        </field>
        <field>
          <fieldname>tksvenue</fieldname>
          <uitype>2</uitype>
          <columnname>tksvenue</columnname>
          <tablename>vtiger_event</tablename>
          <generatedtype>1</generatedtype>
          <fieldlabel>Venue</fieldlabel>
          <readonly>1</readonly>
          <presence>2</presence>
          <defaultvalue></defaultvalue>
          <sequence>5</sequence>
          <maximumlength>255</maximumlength>
          <typeofdata>V~O</typeofdata>
          <quickcreate>1</quickcreate>
          <quickcreatesequence></quickcreatesequence>
          <displaytype>1</displaytype>
          <info_type>BAS</info_type>
          <helpinfo><![CDATA[]]></helpinfo>
          <masseditable>1</masseditable>
        </field>
        <field>
          <fieldname>tksvenueaddress</fieldname>
          <uitype>2</uitype>
          <columnname>tksvenueaddress</columnname>
          <tablename>vtiger_event</tablename>
          <generatedtype>1</generatedtype>
          <fieldlabel>Venue Address</fieldlabel>
          <readonly>1</readonly>
          <presence>2</presence>
          <defaultvalue></defaultvalue>
          <sequence>6</sequence>
          <maximumlength>255</maximumlength>
          <typeofdata>V~O</typeofdata>
          <quickcreate>1</quickcreate>
          <quickcreatesequence></quickcreatesequence>
          <displaytype>1</displaytype>
          <info_type>BAS</info_type>
          <helpinfo><![CDATA[]]></helpinfo>
          <masseditable>1</masseditable>
        </field>
        <field>
          <fieldname>assigned_user_id</fieldname>
          <uitype>53</uitype>
          <columnname>smownerid</columnname>
          <tablename>vtiger_crmentity</tablename>
          <generatedtype>1</generatedtype>
          <fieldlabel>Assigned To</fieldlabel>
          <readonly>1</readonly>
          <presence>2</presence>
          <defaultvalue></defaultvalue>
          <sequence>7</sequence>
          <maximumlength>100</maximumlength>
          <typeofdata>V~M</typeofdata>
          <quickcreate>1</quickcreate>
          <quickcreatesequence></quickcreatesequence>
          <displaytype>1</displaytype>
          <info_type>BAS</info_type>
          <masseditable>1</masseditable>
        </field>
        <field>
          <fieldname>CreatedTime</fieldname>
          <uitype>70</uitype>
          <columnname>createdtime</columnname>
          <tablename>vtiger_crmentity</tablename>
          <generatedtype>1</generatedtype>
          <fieldlabel>Created Time</fieldlabel>
          <readonly>1</readonly>
          <presence>2</presence>
          <defaultvalue></defaultvalue>
          <sequence>8</sequence>
          <maximumlength>100</maximumlength>
          <typeofdata>T~O</typeofdata>
          <quickcreate>1</quickcreate>
          <quickcreatesequence></quickcreatesequence>
          <displaytype>2</displaytype>
          <info_type>BAS</info_type>
          <masseditable>1</masseditable>
        </field>
        <field>
          <fieldname>ModifiedTime</fieldname>
          <uitype>70</uitype>
          <columnname>modifiedtime</columnname>
          <tablename>vtiger_crmentity</tablename>
          <generatedtype>1</generatedtype>
          <fieldlabel>Modified Time</fieldlabel>
          <readonly>1</readonly>
          <presence>2</presence>
          <defaultvalue></defaultvalue>
          <sequence>9</sequence>
          <maximumlength>100</maximumlength>
          <typeofdata>T~O</typeofdata>
          <quickcreate>1</quickcreate>
          <quickcreatesequence></quickcreatesequence>
          <displaytype>2</displaytype>
          <info_type>BAS</info_type>
          <masseditable>1</masseditable>
        </field>
      </fields>
    </block>
    <block>
      <label>Budget</label>
      <fields>
        <field>
          <fieldname>tkstarget</fieldname>
          <uitype>71</uitype>
          <columnname>tkstarget</columnname>
          <tablename>vtiger_event</tablename>
          <generatedtype>1</generatedtype>
          <fieldlabel>Target</fieldlabel>
          <readonly>1</readonly>
          <presence>2</presence>
          <defaultvalue></defaultvalue>
          <sequence>1</sequence>
          <maximumlength>100</maximumlength>
          <typeofdata>N~O</typeofdata>
          <quickcreate>1</quickcreate>
          <quickcreatesequence></quickcreatesequence>
          <displaytype>1</displaytype>
          <info_type>BAS</info_type>
          <helpinfo><![CDATA[]]></helpinfo>
          <masseditable>1</masseditable>
        </field>
        <field>
          <fieldname>tksactual</fieldname>
          <uitype>71</uitype>
          <columnname>tksactual</columnname>
          <tablename>vtiger_event</tablename>
          <generatedtype>1</generatedtype>
          <fieldlabel>Actual</fieldlabel>
          <readonly>1</readonly>
          <presence>2</presence>
          <defaultvalue></defaultvalue>
          <sequence>2</sequence>
          <maximumlength>100</maximumlength>
          <typeofdata>N~O</typeofdata>
          <quickcreate>1</quickcreate>
          <quickcreatesequence></quickcreatesequence>
          <displaytype>1</displaytype>
          <info_type>BAS</info_type>
          <helpinfo><![CDATA[]]></helpinfo>
          <masseditable>1</masseditable>
        </field>
      </fields>
    </block>
    <block>
      <label>Speakers</label>
      <fields>
        <field>
          <fieldname>tksspeakeri</fieldname>
          <uitype>10</uitype>
          <columnname>tksspeakeri</columnname>
          <tablename>vtiger_event</tablename>
          <generatedtype>1</generatedtype>
          <fieldlabel>Speaker I</fieldlabel>
          <readonly>1</readonly>
          <presence>2</presence>
          <defaultvalue></defaultvalue>
          <sequence>1</sequence>
          <maximumlength>100</maximumlength>
          <typeofdata>V~O</typeofdata>
          <quickcreate>1</quickcreate>
          <quickcreatesequence></quickcreatesequence>
          <displaytype>1</displaytype>
          <info_type>BAS</info_type>
          <helpinfo><![CDATA[]]></helpinfo>
          <masseditable>1</masseditable>
          <relatedmodules>
            <relatedmodule>Contacts</relatedmodule>
          </relatedmodules>
        </field>
        <field>
          <fieldname>tksspeakerii</fieldname>
          <uitype>10</uitype>
          <columnname>tksspeakerii</columnname>
          <tablename>vtiger_event</tablename>
          <generatedtype>1</generatedtype>
          <fieldlabel>Speaker II</fieldlabel>
          <readonly>1</readonly>
          <presence>2</presence>
          <defaultvalue></defaultvalue>
          <sequence>2</sequence>
          <maximumlength>100</maximumlength>
          <typeofdata>V~O</typeofdata>
          <quickcreate>1</quickcreate>
          <quickcreatesequence></quickcreatesequence>
          <displaytype>1</displaytype>
          <info_type>BAS</info_type>
          <helpinfo><![CDATA[]]></helpinfo>
          <masseditable>1</masseditable>
          <relatedmodules>
            <relatedmodule>Contacts</relatedmodule>
          </relatedmodules>
        </field>
        <field>
          <fieldname>tksspeakeriii</fieldname>
          <uitype>10</uitype>
          <columnname>tksspeakeriii</columnname>
          <tablename>vtiger_event</tablename>
          <generatedtype>1</generatedtype>
          <fieldlabel>Speaker III</fieldlabel>
          <readonly>1</readonly>
          <presence>2</presence>
          <defaultvalue></defaultvalue>
          <sequence>3</sequence>
          <maximumlength>100</maximumlength>
          <typeofdata>V~O</typeofdata>
          <quickcreate>1</quickcreate>
          <quickcreatesequence></quickcreatesequence>
          <displaytype>1</displaytype>
          <info_type>BAS</info_type>
          <helpinfo><![CDATA[]]></helpinfo>
          <masseditable>1</masseditable>
          <relatedmodules>
            <relatedmodule>Contacts</relatedmodule>
          </relatedmodules>
        </field>
        <field>
          <fieldname>tksspeakeriv</fieldname>
          <uitype>10</uitype>
          <columnname>tksspeakeriv</columnname>
          <tablename>vtiger_event</tablename>
          <generatedtype>1</generatedtype>
          <fieldlabel>Speaker IV</fieldlabel>
          <readonly>1</readonly>
          <presence>2</presence>
          <defaultvalue></defaultvalue>
          <sequence>4</sequence>
          <maximumlength>100</maximumlength>
          <typeofdata>V~O</typeofdata>
          <quickcreate>1</quickcreate>
          <quickcreatesequence></quickcreatesequence>
          <displaytype>1</displaytype>
          <info_type>BAS</info_type>
          <helpinfo><![CDATA[]]></helpinfo>
          <masseditable>1</masseditable>
          <relatedmodules>
            <relatedmodule>Contacts</relatedmodule>
          </relatedmodules>
        </field>
        <field>
          <fieldname>tksspeakerv</fieldname>
          <uitype>10</uitype>
          <columnname>tksspeakerv</columnname>
          <tablename>vtiger_event</tablename>
          <generatedtype>1</generatedtype>
          <fieldlabel>Speaker V</fieldlabel>
          <readonly>1</readonly>
          <presence>2</presence>
          <defaultvalue></defaultvalue>
          <sequence>5</sequence>
          <maximumlength>100</maximumlength>
          <typeofdata>V~O</typeofdata>
          <quickcreate>1</quickcreate>
          <quickcreatesequence></quickcreatesequence>
          <displaytype>1</displaytype>
          <info_type>BAS</info_type>
          <helpinfo><![CDATA[]]></helpinfo>
          <masseditable>1</masseditable>
          <relatedmodules>
            <relatedmodule>Contacts</relatedmodule>
          </relatedmodules>
        </field>
        <field>
          <fieldname>tksspeakervi</fieldname>
          <uitype>10</uitype>
          <columnname>tksspeakervi</columnname>
          <tablename>vtiger_event</tablename>
          <generatedtype>1</generatedtype>
          <fieldlabel>Speaker VI</fieldlabel>
          <readonly>1</readonly>
          <presence>2</presence>
          <defaultvalue></defaultvalue>
          <sequence>6</sequence>
          <maximumlength>100</maximumlength>
          <typeofdata>V~O</typeofdata>
          <quickcreate>1</quickcreate>
          <quickcreatesequence></quickcreatesequence>
          <displaytype>1</displaytype>
          <info_type>BAS</info_type>
          <helpinfo><![CDATA[]]></helpinfo>
          <masseditable>1</masseditable>
          <relatedmodules>
            <relatedmodule>Contacts</relatedmodule>
          </relatedmodules>
        </field>
        <field>
          <fieldname>tksspeakervii</fieldname>
          <uitype>10</uitype>
          <columnname>tksspeakervii</columnname>
          <tablename>vtiger_event</tablename>
          <generatedtype>1</generatedtype>
          <fieldlabel>Speaker VII</fieldlabel>
          <readonly>1</readonly>
          <presence>2</presence>
          <defaultvalue></defaultvalue>
          <sequence>7</sequence>
          <maximumlength>100</maximumlength>
          <typeofdata>V~O</typeofdata>
          <quickcreate>1</quickcreate>
          <quickcreatesequence></quickcreatesequence>
          <displaytype>1</displaytype>
          <info_type>BAS</info_type>
          <helpinfo><![CDATA[]]></helpinfo>
          <masseditable>1</masseditable>
          <relatedmodules>
            <relatedmodule>Contacts</relatedmodule>
          </relatedmodules>
        </field>
        <field>
          <fieldname>tksspeakerviii</fieldname>
          <uitype>10</uitype>
          <columnname>tksspeakerviii</columnname>
          <tablename>vtiger_event</tablename>
          <generatedtype>1</generatedtype>
          <fieldlabel>Speaker VIII</fieldlabel>
          <readonly>1</readonly>
          <presence>2</presence>
          <defaultvalue></defaultvalue>
          <sequence>8</sequence>
          <maximumlength>100</maximumlength>
          <typeofdata>V~O</typeofdata>
          <quickcreate>1</quickcreate>
          <quickcreatesequence></quickcreatesequence>
          <displaytype>1</displaytype>
          <info_type>BAS</info_type>
          <helpinfo><![CDATA[]]></helpinfo>
          <masseditable>1</masseditable>
          <relatedmodules>
            <relatedmodule>Contacts</relatedmodule>
          </relatedmodules>
        </field>
        <field>
          <fieldname>tksspeakerix</fieldname>
          <uitype>10</uitype>
          <columnname>tksspeakerix</columnname>
          <tablename>vtiger_event</tablename>
          <generatedtype>1</generatedtype>
          <fieldlabel>Speaker IX</fieldlabel>
          <readonly>1</readonly>
          <presence>2</presence>
          <defaultvalue></defaultvalue>
          <sequence>9</sequence>
          <maximumlength>100</maximumlength>
          <typeofdata>V~O</typeofdata>
          <quickcreate>1</quickcreate>
          <quickcreatesequence></quickcreatesequence>
          <displaytype>1</displaytype>
          <info_type>BAS</info_type>
          <helpinfo><![CDATA[]]></helpinfo>
          <masseditable>1</masseditable>
          <relatedmodules>
            <relatedmodule>Contacts</relatedmodule>
          </relatedmodules>
        </field>
        <field>
          <fieldname>tksspeakerx</fieldname>
          <uitype>10</uitype>
          <columnname>tksspeakerx</columnname>
          <tablename>vtiger_event</tablename>
          <generatedtype>1</generatedtype>
          <fieldlabel>Speaker X</fieldlabel>
          <readonly>1</readonly>
          <presence>2</presence>
          <defaultvalue></defaultvalue>
          <sequence>10</sequence>
          <maximumlength>100</maximumlength>
          <typeofdata>V~O</typeofdata>
          <quickcreate>1</quickcreate>
          <quickcreatesequence></quickcreatesequence>
          <displaytype>1</displaytype>
          <info_type>BAS</info_type>
          <helpinfo><![CDATA[]]></helpinfo>
          <masseditable>1</masseditable>
          <relatedmodules>
            <relatedmodule>Contacts</relatedmodule>
          </relatedmodules>
        </field>
        <field>
          <fieldname>tksspeakerxi</fieldname>
          <uitype>10</uitype>
          <columnname>tksspeakerxi</columnname>
          <tablename>vtiger_event</tablename>
          <generatedtype>1</generatedtype>
          <fieldlabel>Speaker XI</fieldlabel>
          <readonly>1</readonly>
          <presence>2</presence>
          <defaultvalue></defaultvalue>
          <sequence>11</sequence>
          <maximumlength>100</maximumlength>
          <typeofdata>V~O</typeofdata>
          <quickcreate>1</quickcreate>
          <quickcreatesequence></quickcreatesequence>
          <displaytype>1</displaytype>
          <info_type>BAS</info_type>
          <helpinfo><![CDATA[]]></helpinfo>
          <masseditable>1</masseditable>
          <relatedmodules>
            <relatedmodule>Contacts</relatedmodule>
          </relatedmodules>
        </field>
        <field>
          <fieldname>tksspeakerxii</fieldname>
          <uitype>10</uitype>
          <columnname>tksspeakerxii</columnname>
          <tablename>vtiger_event</tablename>
          <generatedtype>1</generatedtype>
          <fieldlabel>Speaker XII</fieldlabel>
          <readonly>1</readonly>
          <presence>2</presence>
          <defaultvalue></defaultvalue>
          <sequence>12</sequence>
          <maximumlength>100</maximumlength>
          <typeofdata>V~O</typeofdata>
          <quickcreate>1</quickcreate>
          <quickcreatesequence></quickcreatesequence>
          <displaytype>1</displaytype>
          <info_type>BAS</info_type>
          <helpinfo><![CDATA[]]></helpinfo>
          <masseditable>1</masseditable>
          <relatedmodules>
            <relatedmodule>Contacts</relatedmodule>
          </relatedmodules>
        </field>
        <field>
          <fieldname>tksspeakerxiii</fieldname>
          <uitype>10</uitype>
          <columnname>tksspeakerxiii</columnname>
          <tablename>vtiger_event</tablename>
          <generatedtype>1</generatedtype>
          <fieldlabel>Speaker XIII</fieldlabel>
          <readonly>1</readonly>
          <presence>2</presence>
          <defaultvalue></defaultvalue>
          <sequence>13</sequence>
          <maximumlength>100</maximumlength>
          <typeofdata>V~O</typeofdata>
          <quickcreate>1</quickcreate>
          <quickcreatesequence></quickcreatesequence>
          <displaytype>1</displaytype>
          <info_type>BAS</info_type>
          <helpinfo><![CDATA[]]></helpinfo>
          <masseditable>1</masseditable>
          <relatedmodules>
            <relatedmodule>Contacts</relatedmodule>
          </relatedmodules>
        </field>
        <field>
          <fieldname>tksspeakerxiv</fieldname>
          <uitype>10</uitype>
          <columnname>tksspeakerxiv</columnname>
          <tablename>vtiger_event</tablename>
          <generatedtype>1</generatedtype>
          <fieldlabel>Speaker XIV</fieldlabel>
          <readonly>1</readonly>
          <presence>2</presence>
          <defaultvalue></defaultvalue>
          <sequence>14</sequence>
          <maximumlength>100</maximumlength>
          <typeofdata>V~O</typeofdata>
          <quickcreate>1</quickcreate>
          <quickcreatesequence></quickcreatesequence>
          <displaytype>1</displaytype>
          <info_type>BAS</info_type>
          <helpinfo><![CDATA[]]></helpinfo>
          <masseditable>1</masseditable>
          <relatedmodules>
            <relatedmodule>Contacts</relatedmodule>
          </relatedmodules>
        </field>
      </fields>
    </block>
    <block>
      <label>Contacts for Event</label>
      <fields>
        <field>
          <fieldname>tksrolei</fieldname>
          <uitype>2</uitype>
          <columnname>tksrolei</columnname>
          <tablename>vtiger_event</tablename>
          <generatedtype>1</generatedtype>
          <fieldlabel>Role I</fieldlabel>
          <readonly>1</readonly>
          <presence>2</presence>
          <defaultvalue></defaultvalue>
          <sequence>1</sequence>
          <maximumlength>255</maximumlength>
          <typeofdata>V~O</typeofdata>
          <quickcreate>1</quickcreate>
          <quickcreatesequence></quickcreatesequence>
          <displaytype>1</displaytype>
          <info_type>BAS</info_type>
          <helpinfo><![CDATA[]]></helpinfo>
          <masseditable>1</masseditable>
        </field>
        <field>
          <fieldname>tkspersoni</fieldname>
          <uitype>10</uitype>
          <columnname>tkspersoni</columnname>
          <tablename>vtiger_event</tablename>
          <generatedtype>1</generatedtype>
          <fieldlabel>Person I</fieldlabel>
          <readonly>1</readonly>
          <presence>2</presence>
          <defaultvalue></defaultvalue>
          <sequence>2</sequence>
          <maximumlength>100</maximumlength>
          <typeofdata>V~O</typeofdata>
          <quickcreate>1</quickcreate>
          <quickcreatesequence></quickcreatesequence>
          <displaytype>1</displaytype>
          <info_type>BAS</info_type>
          <helpinfo><![CDATA[]]></helpinfo>
          <masseditable>1</masseditable>
          <relatedmodules>
            <relatedmodule>Contacts</relatedmodule>
          </relatedmodules>
        </field>
        <field>
          <fieldname>tksroleii</fieldname>
          <uitype>2</uitype>
          <columnname>tksroleii</columnname>
          <tablename>vtiger_event</tablename>
          <generatedtype>1</generatedtype>
          <fieldlabel>Role II</fieldlabel>
          <readonly>1</readonly>
          <presence>2</presence>
          <defaultvalue></defaultvalue>
          <sequence>3</sequence>
          <maximumlength>255</maximumlength>
          <typeofdata>V~O</typeofdata>
          <quickcreate>1</quickcreate>
          <quickcreatesequence></quickcreatesequence>
          <displaytype>1</displaytype>
          <info_type>BAS</info_type>
          <helpinfo><![CDATA[]]></helpinfo>
          <masseditable>1</masseditable>
        </field>
        <field>
          <fieldname>tkspersonii</fieldname>
          <uitype>10</uitype>
          <columnname>tkspersonii</columnname>
          <tablename>vtiger_event</tablename>
          <generatedtype>1</generatedtype>
          <fieldlabel>Person II</fieldlabel>
          <readonly>1</readonly>
          <presence>2</presence>
          <defaultvalue></defaultvalue>
          <sequence>4</sequence>
          <maximumlength>100</maximumlength>
          <typeofdata>V~O</typeofdata>
          <quickcreate>1</quickcreate>
          <quickcreatesequence></quickcreatesequence>
          <displaytype>1</displaytype>
          <info_type>BAS</info_type>
          <helpinfo><![CDATA[]]></helpinfo>
          <masseditable>1</masseditable>
          <relatedmodules>
            <relatedmodule>Contacts</relatedmodule>
          </relatedmodules>
        </field>
        <field>
          <fieldname>tksroleiii</fieldname>
          <uitype>2</uitype>
          <columnname>tksroleiii</columnname>
          <tablename>vtiger_event</tablename>
          <generatedtype>1</generatedtype>
          <fieldlabel>Role III</fieldlabel>
          <readonly>1</readonly>
          <presence>2</presence>
          <defaultvalue></defaultvalue>
          <sequence>5</sequence>
          <maximumlength>255</maximumlength>
          <typeofdata>V~O</typeofdata>
          <quickcreate>1</quickcreate>
          <quickcreatesequence></quickcreatesequence>
          <displaytype>1</displaytype>
          <info_type>BAS</info_type>
          <helpinfo><![CDATA[]]></helpinfo>
          <masseditable>1</masseditable>
        </field>
        <field>
          <fieldname>tkspersoniii</fieldname>
          <uitype>10</uitype>
          <columnname>tkspersoniii</columnname>
          <tablename>vtiger_event</tablename>
          <generatedtype>1</generatedtype>
          <fieldlabel>Person III</fieldlabel>
          <readonly>1</readonly>
          <presence>2</presence>
          <defaultvalue></defaultvalue>
          <sequence>6</sequence>
          <maximumlength>100</maximumlength>
          <typeofdata>V~O</typeofdata>
          <quickcreate>1</quickcreate>
          <quickcreatesequence></quickcreatesequence>
          <displaytype>1</displaytype>
          <info_type>BAS</info_type>
          <helpinfo><![CDATA[]]></helpinfo>
          <masseditable>1</masseditable>
          <relatedmodules>
            <relatedmodule>Contacts</relatedmodule>
          </relatedmodules>
        </field>
        <field>
          <fieldname>tksroleiv</fieldname>
          <uitype>2</uitype>
          <columnname>tksroleiv</columnname>
          <tablename>vtiger_event</tablename>
          <generatedtype>1</generatedtype>
          <fieldlabel>Role IV</fieldlabel>
          <readonly>1</readonly>
          <presence>2</presence>
          <defaultvalue></defaultvalue>
          <sequence>7</sequence>
          <maximumlength>255</maximumlength>
          <typeofdata>V~O</typeofdata>
          <quickcreate>1</quickcreate>
          <quickcreatesequence></quickcreatesequence>
          <displaytype>1</displaytype>
          <info_type>BAS</info_type>
          <helpinfo><![CDATA[]]></helpinfo>
          <masseditable>1</masseditable>
        </field>
        <field>
          <fieldname>tkspersoniv</fieldname>
          <uitype>10</uitype>
          <columnname>tkspersoniv</columnname>
          <tablename>vtiger_event</tablename>
          <generatedtype>1</generatedtype>
          <fieldlabel>Person IV</fieldlabel>
          <readonly>1</readonly>
          <presence>2</presence>
          <defaultvalue></defaultvalue>
          <sequence>8</sequence>
          <maximumlength>100</maximumlength>
          <typeofdata>V~O</typeofdata>
          <quickcreate>1</quickcreate>
          <quickcreatesequence></quickcreatesequence>
          <displaytype>1</displaytype>
          <info_type>BAS</info_type>
          <helpinfo><![CDATA[]]></helpinfo>
          <masseditable>1</masseditable>
          <relatedmodules>
            <relatedmodule>Contacts</relatedmodule>
          </relatedmodules>
        </field>
        <field>
          <fieldname>tksrolev</fieldname>
          <uitype>2</uitype>
          <columnname>tksrolev</columnname>
          <tablename>vtiger_event</tablename>
          <generatedtype>1</generatedtype>
          <fieldlabel>Role V</fieldlabel>
          <readonly>1</readonly>
          <presence>2</presence>
          <defaultvalue></defaultvalue>
          <sequence>9</sequence>
          <maximumlength>255</maximumlength>
          <typeofdata>V~O</typeofdata>
          <quickcreate>1</quickcreate>
          <quickcreatesequence></quickcreatesequence>
          <displaytype>1</displaytype>
          <info_type>BAS</info_type>
          <helpinfo><![CDATA[]]></helpinfo>
          <masseditable>1</masseditable>
        </field>
        <field>
          <fieldname>tkspersonv</fieldname>
          <uitype>10</uitype>
          <columnname>tkspersonv</columnname>
          <tablename>vtiger_event</tablename>
          <generatedtype>1</generatedtype>
          <fieldlabel>Person V</fieldlabel>
          <readonly>1</readonly>
          <presence>2</presence>
          <defaultvalue></defaultvalue>
          <sequence>10</sequence>
          <maximumlength>100</maximumlength>
          <typeofdata>V~O</typeofdata>
          <quickcreate>1</quickcreate>
          <quickcreatesequence></quickcreatesequence>
          <displaytype>1</displaytype>
          <info_type>BAS</info_type>
          <helpinfo><![CDATA[]]></helpinfo>
          <masseditable>1</masseditable>
          <relatedmodules>
            <relatedmodule>Contacts</relatedmodule>
          </relatedmodules>
        </field>
        <field>
          <fieldname>tksrolevi</fieldname>
          <uitype>2</uitype>
          <columnname>tksrolevi</columnname>
          <tablename>vtiger_event</tablename>
          <generatedtype>1</generatedtype>
          <fieldlabel>Role VI</fieldlabel>
          <readonly>1</readonly>
          <presence>2</presence>
          <defaultvalue></defaultvalue>
          <sequence>11</sequence>
          <maximumlength>255</maximumlength>
          <typeofdata>V~O</typeofdata>
          <quickcreate>1</quickcreate>
          <quickcreatesequence></quickcreatesequence>
          <displaytype>1</displaytype>
          <info_type>BAS</info_type>
          <helpinfo><![CDATA[]]></helpinfo>
          <masseditable>1</masseditable>
        </field>
        <field>
          <fieldname>tkspersonvi</fieldname>
          <uitype>10</uitype>
          <columnname>tkspersonvi</columnname>
          <tablename>vtiger_event</tablename>
          <generatedtype>1</generatedtype>
          <fieldlabel>Person VI</fieldlabel>
          <readonly>1</readonly>
          <presence>2</presence>
          <defaultvalue></defaultvalue>
          <sequence>12</sequence>
          <maximumlength>100</maximumlength>
          <typeofdata>V~O</typeofdata>
          <quickcreate>1</quickcreate>
          <quickcreatesequence></quickcreatesequence>
          <displaytype>1</displaytype>
          <info_type>BAS</info_type>
          <helpinfo><![CDATA[]]></helpinfo>
          <masseditable>1</masseditable>
          <relatedmodules>
            <relatedmodule>Contacts</relatedmodule>
          </relatedmodules>
        </field>
        <field>
          <fieldname>tksrolevii</fieldname>
          <uitype>2</uitype>
          <columnname>tksrolevii</columnname>
          <tablename>vtiger_event</tablename>
          <generatedtype>1</generatedtype>
          <fieldlabel>Role VII</fieldlabel>
          <readonly>1</readonly>
          <presence>2</presence>
          <defaultvalue></defaultvalue>
          <sequence>13</sequence>
          <maximumlength>255</maximumlength>
          <typeofdata>V~O</typeofdata>
          <quickcreate>1</quickcreate>
          <quickcreatesequence></quickcreatesequence>
          <displaytype>1</displaytype>
          <info_type>BAS</info_type>
          <helpinfo><![CDATA[]]></helpinfo>
          <masseditable>1</masseditable>
        </field>
        <field>
          <fieldname>tkspersonvii</fieldname>
          <uitype>10</uitype>
          <columnname>tkspersonvii</columnname>
          <tablename>vtiger_event</tablename>
          <generatedtype>1</generatedtype>
          <fieldlabel>Person VII</fieldlabel>
          <readonly>1</readonly>
          <presence>2</presence>
          <defaultvalue></defaultvalue>
          <sequence>14</sequence>
          <maximumlength>100</maximumlength>
          <typeofdata>V~O</typeofdata>
          <quickcreate>1</quickcreate>
          <quickcreatesequence></quickcreatesequence>
          <displaytype>1</displaytype>
          <info_type>BAS</info_type>
          <helpinfo><![CDATA[]]></helpinfo>
          <masseditable>1</masseditable>
          <relatedmodules>
            <relatedmodule>Contacts</relatedmodule>
          </relatedmodules>
        </field>
        <field>
          <fieldname>tksroleviii</fieldname>
          <uitype>2</uitype>
          <columnname>tksroleviii</columnname>
          <tablename>vtiger_event</tablename>
          <generatedtype>1</generatedtype>
          <fieldlabel>Role VIII</fieldlabel>
          <readonly>1</readonly>
          <presence>2</presence>
          <defaultvalue></defaultvalue>
          <sequence>15</sequence>
          <maximumlength>255</maximumlength>
          <typeofdata>V~O</typeofdata>
          <quickcreate>1</quickcreate>
          <quickcreatesequence></quickcreatesequence>
          <displaytype>1</displaytype>
          <info_type>BAS</info_type>
          <helpinfo><![CDATA[]]></helpinfo>
          <masseditable>1</masseditable>
        </field>
        <field>
          <fieldname>tkspersonviii</fieldname>
          <uitype>10</uitype>
          <columnname>tkspersonviii</columnname>
          <tablename>vtiger_event</tablename>
          <generatedtype>1</generatedtype>
          <fieldlabel>Person VIII</fieldlabel>
          <readonly>1</readonly>
          <presence>2</presence>
          <defaultvalue></defaultvalue>
          <sequence>16</sequence>
          <maximumlength>100</maximumlength>
          <typeofdata>V~O</typeofdata>
          <quickcreate>1</quickcreate>
          <quickcreatesequence></quickcreatesequence>
          <displaytype>1</displaytype>
          <info_type>BAS</info_type>
          <helpinfo><![CDATA[]]></helpinfo>
          <masseditable>1</masseditable>
          <relatedmodules>
            <relatedmodule>Contacts</relatedmodule>
          </relatedmodules>
        </field>
        <field>
          <fieldname>tksroleix</fieldname>
          <uitype>2</uitype>
          <columnname>tksroleix</columnname>
          <tablename>vtiger_event</tablename>
          <generatedtype>1</generatedtype>
          <fieldlabel>Role IX</fieldlabel>
          <readonly>1</readonly>
          <presence>2</presence>
          <defaultvalue></defaultvalue>
          <sequence>17</sequence>
          <maximumlength>255</maximumlength>
          <typeofdata>V~O</typeofdata>
          <quickcreate>1</quickcreate>
          <quickcreatesequence></quickcreatesequence>
          <displaytype>1</displaytype>
          <info_type>BAS</info_type>
          <helpinfo><![CDATA[]]></helpinfo>
          <masseditable>1</masseditable>
        </field>
        <field>
          <fieldname>tkspersonix</fieldname>
          <uitype>10</uitype>
          <columnname>tkspersonix</columnname>
          <tablename>vtiger_event</tablename>
          <generatedtype>1</generatedtype>
          <fieldlabel>Person IX</fieldlabel>
          <readonly>1</readonly>
          <presence>2</presence>
          <defaultvalue></defaultvalue>
          <sequence>18</sequence>
          <maximumlength>100</maximumlength>
          <typeofdata>V~O</typeofdata>
          <quickcreate>1</quickcreate>
          <quickcreatesequence></quickcreatesequence>
          <displaytype>1</displaytype>
          <info_type>BAS</info_type>
          <helpinfo><![CDATA[]]></helpinfo>
          <masseditable>1</masseditable>
          <relatedmodules>
            <relatedmodule>Contacts</relatedmodule>
          </relatedmodules>
        </field>
        <field>
          <fieldname>tksrolex</fieldname>
          <uitype>2</uitype>
          <columnname>tksrolex</columnname>
          <tablename>vtiger_event</tablename>
          <generatedtype>1</generatedtype>
          <fieldlabel>Role X</fieldlabel>
          <readonly>1</readonly>
          <presence>2</presence>
          <defaultvalue></defaultvalue>
          <sequence>19</sequence>
          <maximumlength>255</maximumlength>
          <typeofdata>V~O</typeofdata>
          <quickcreate>1</quickcreate>
          <quickcreatesequence></quickcreatesequence>
          <displaytype>1</displaytype>
          <info_type>BAS</info_type>
          <helpinfo><![CDATA[]]></helpinfo>
          <masseditable>1</masseditable>
        </field>
        <field>
          <fieldname>tkspersonx</fieldname>
          <uitype>10</uitype>
          <columnname>tkspersonx</columnname>
          <tablename>vtiger_event</tablename>
          <generatedtype>1</generatedtype>
          <fieldlabel>Person X</fieldlabel>
          <readonly>1</readonly>
          <presence>2</presence>
          <defaultvalue></defaultvalue>
          <sequence>20</sequence>
          <maximumlength>100</maximumlength>
          <typeofdata>V~O</typeofdata>
          <quickcreate>1</quickcreate>
          <quickcreatesequence></quickcreatesequence>
          <displaytype>1</displaytype>
          <info_type>BAS</info_type>
          <helpinfo><![CDATA[]]></helpinfo>
          <masseditable>1</masseditable>
          <relatedmodules>
            <relatedmodule>Contacts</relatedmodule>
          </relatedmodules>
        </field>
      </fields>
    </block>
  </blocks>
  <customviews>
    <customview>
      <viewname>All</viewname>
      <setdefault>false</setdefault>
      <setmetrics>false</setmetrics>
      <fields>
        <field>
          <fieldname>eventno</fieldname>
          <columnindex>0</columnindex>
        </field>
        <field>
          <fieldname>tkseventname</fieldname>
          <columnindex>1</columnindex>
        </field>
        <field>
          <fieldname>assigned_user_id</fieldname>
          <columnindex>2</columnindex>
        </field>
      </fields>
    </customview>
  </customviews>
  <sharingaccess>
    <default>private</default>
  </sharingaccess>
  <actions>
    <action>
      <name><![CDATA[Import]]></name>
      <status>enabled</status>
    </action>
    <action>
      <name><![CDATA[Export]]></name>
      <status>enabled</status>
    </action>
    <action>
      <name><![CDATA[Merge]]></name>
      <status>enabled</status>
    </action>
  </actions>
  <relatedlists>
    <relatedlist>
      <function>get_related_list</function>
      <label>Potentials</label>
      <sequence>1</sequence>
      <presence>0</presence>
      <actions>
        <action>NULL</action>
      </actions>
      <relatedmodule>Potentials</relatedmodule>
    </relatedlist>
    <relatedlist>
      <function>get_related_list</function>
      <label>Leads</label>
      <sequence>2</sequence>
      <presence>0</presence>
      <actions>
        <action>NULL</action>
      </actions>
      <relatedmodule>Leads</relatedmodule>
    </relatedlist>
    <relatedlist>
      <function>get_related_list</function>
      <label>Documents</label>
      <sequence>3</sequence>
      <presence>0</presence>
      <actions>
        <action>NULL</action>
      </actions>
      <relatedmodule>Documents</relatedmodule>
    </relatedlist>
    <relatedlist>
      <function>get_related_list</function>
      <label>ProjectMilestone</label>
      <sequence>4</sequence>
      <presence>0</presence>
      <actions>
        <action>NULL</action>
      </actions>
      <relatedmodule>ProjectMilestone</relatedmodule>
    </relatedlist>
    <relatedlist>
      <function>get_related_list</function>
      <label>ProjectTask</label>
      <sequence>5</sequence>
      <presence>0</presence>
      <actions>
        <action>NULL</action>
      </actions>
      <relatedmodule>ProjectTask</relatedmodule>
    </relatedlist>
  </relatedlists>
  <crons></crons>
</module>
