<?xml version="1.0"?>
<tables>
  <table>
    <name>vtiger_event</name>
    <sql><![CDATA[CREATE TABLE `vtiger_event` (`eventid` int(11) default NULL, `eventno` varchar(100) default NULL, `tkseventname` varchar(255) default NULL ,`tksticketsavailable` varchar(10) default NULL ,`tksdateofevent` date default NULL ,`tkseventtype` varchar(100) default NULL ,`tksvenue` varchar(255) default NULL ,`tksvenueaddress` varchar(255) default NULL ,`tkstarget` decimal(25,2) default NULL ,`tksactual` decimal(25,2) default NULL ,`tksspeakeri` varchar(100) default NULL ,`tksspeakerii` varchar(100) default NULL ,`tksspeakeriii` varchar(100) default NULL ,`tksspeakeriv` varchar(100) default NULL ,`tksspeakerv` varchar(100) default NULL ,`tksspeakervi` varchar(100) default NULL ,`tksspeakervii` varchar(100) default NULL ,`tksspeakerviii` varchar(100) default NULL ,`tksspeakerix` varchar(100) default NULL ,`tksspeakerx` varchar(100) default NULL ,`tksspeakerxi` varchar(100) default NULL ,`tksspeakerxii` varchar(100) default NULL ,`tksspeakerxiii` varchar(100) default NULL ,`tksspeakerxiv` varchar(100) default NULL ,`tksrolei` varchar(255) default NULL ,`tkspersoni` varchar(100) default NULL ,`tksroleii` varchar(255) default NULL ,`tkspersonii` varchar(100) default NULL ,`tksroleiii` varchar(255) default NULL ,`tkspersoniii` varchar(100) default NULL ,`tksroleiv` varchar(255) default NULL ,`tkspersoniv` varchar(100) default NULL ,`tksrolev` varchar(255) default NULL ,`tkspersonv` varchar(100) default NULL ,`tksrolevi` varchar(255) default NULL ,`tkspersonvi` varchar(100) default NULL ,`tksrolevii` varchar(255) default NULL ,`tkspersonvii` varchar(100) default NULL ,`tksroleviii` varchar(255) default NULL ,`tkspersonviii` varchar(100) default NULL ,`tksroleix` varchar(255) default NULL ,`tkspersonix` varchar(100) default NULL ,`tksrolex` varchar(255) default NULL ,`tkspersonx` varchar(100) default NULL  ) ENGINE=InnoDB DEFAULT CHARSET=utf8]]></sql>
  </table>
  <table>
    <name>vtiger_eventcf</name>
    <sql><![CDATA[CREATE TABLE `vtiger_eventcf` (`eventid` int(11) NOT NULL, PRIMARY KEY (`eventid`) ) ENGINE=InnoDB DEFAULT CHARSET=utf8]]></sql>
  </table>
</tables>
