<?xml version='1.0'?>
<module>
<exporttime>2015-02-23 01:23:05</exporttime>
<name>Tickets</name>
<label>Tickets</label>
<parent>Marketing</parent>
<dependencies>
<vtiger_version>5.4.0</vtiger_version>
</dependencies>
<tables>
<table>
<name>vtiger_tickets</name>
<sql><![CDATA[CREATE TABLE `vtiger_tickets` (
  `ticketsid` int(11) DEFAULT NULL,
  `ticketsno` varchar(100) DEFAULT NULL,
  `tksticketname` varchar(255) DEFAULT NULL,
  `tickets_tkstickettype` varchar(100) DEFAULT NULL,
  `tksdescription` varchar(250) DEFAULT NULL,
  `tksamountavailable` varchar(25) DEFAULT NULL,
  `tksticketprice` decimal(25,2) DEFAULT NULL,
  `tkschannels` varchar(100) DEFAULT NULL,
  `tksstartdate` date DEFAULT NULL,
  `tksenddate` date DEFAULT NULL,
  `tksticketowner` varchar(100) DEFAULT NULL,
  `tksevent` varchar(100) DEFAULT NULL,
  `cf_943` varchar(255) DEFAULT ''
) ENGINE=InnoDB DEFAULT CHARSET=utf8]]></sql>
</table>
<table>
<name>vtiger_tickets</name>
<sql><![CDATA[CREATE TABLE `vtiger_tickets` (
  `ticketsid` int(11) DEFAULT NULL,
  `ticketsno` varchar(100) DEFAULT NULL,
  `tksticketname` varchar(255) DEFAULT NULL,
  `tickets_tkstickettype` varchar(100) DEFAULT NULL,
  `tksdescription` varchar(250) DEFAULT NULL,
  `tksamountavailable` varchar(25) DEFAULT NULL,
  `tksticketprice` decimal(25,2) DEFAULT NULL,
  `tkschannels` varchar(100) DEFAULT NULL,
  `tksstartdate` date DEFAULT NULL,
  `tksenddate` date DEFAULT NULL,
  `tksticketowner` varchar(100) DEFAULT NULL,
  `tksevent` varchar(100) DEFAULT NULL,
  `cf_943` varchar(255) DEFAULT ''
) ENGINE=InnoDB DEFAULT CHARSET=utf8]]></sql>
</table>
<table>
<name>vtiger_ticketscf</name>
<sql><![CDATA[CREATE TABLE `vtiger_ticketscf` (
  `ticketsid` int(11) NOT NULL,
  PRIMARY KEY (`ticketsid`)
) ENGINE=InnoDB DEFAULT CHARSET=utf8]]></sql>
</table>
</tables>
<blocks>
<block>
<label>Ticket Information</label>
<fields>
<field>
<fieldname>ticketsno</fieldname>
<uitype>4</uitype>
<columnname>ticketsno</columnname>
<tablename>vtiger_tickets</tablename>
<generatedtype>1</generatedtype>
<fieldlabel>Tickets No</fieldlabel>
<readonly>1</readonly>
<presence>2</presence>
<defaultvalue></defaultvalue>
<sequence>0</sequence>
<maximumlength>100</maximumlength>
<typeofdata>V~M</typeofdata>
<quickcreate>1</quickcreate>
<quickcreatesequence></quickcreatesequence>
<displaytype>1</displaytype>
<info_type>BAS</info_type>
<helpinfo><![CDATA[]]></helpinfo>
<masseditable>1</masseditable>
<entityidentifier>
<entityidfield>ticketsid</entityidfield>
<entityidcolumn>ticketsid</entityidcolumn>
</entityidentifier>
</field>
<field>
<fieldname>tksticketname</fieldname>
<uitype>2</uitype>
<columnname>tksticketname</columnname>
<tablename>vtiger_tickets</tablename>
<generatedtype>1</generatedtype>
<fieldlabel>Ticket Name</fieldlabel>
<readonly>1</readonly>
<presence>2</presence>
<defaultvalue></defaultvalue>
<sequence>1</sequence>
<maximumlength>255</maximumlength>
<typeofdata>V~M</typeofdata>
<quickcreate>1</quickcreate>
<quickcreatesequence></quickcreatesequence>
<displaytype>1</displaytype>
<info_type>BAS</info_type>
<helpinfo><![CDATA[]]></helpinfo>
<masseditable>1</masseditable>
</field>
<field>
<fieldname>tickets_tkstickettype</fieldname>
<uitype>15</uitype>
<columnname>tickets_tkstickettype</columnname>
<tablename>vtiger_tickets</tablename>
<generatedtype>1</generatedtype>
<fieldlabel>Ticket Type</fieldlabel>
<readonly>1</readonly>
<presence>2</presence>
<defaultvalue></defaultvalue>
<sequence>2</sequence>
<maximumlength>100</maximumlength>
<typeofdata>V~O</typeofdata>
<quickcreate>1</quickcreate>
<quickcreatesequence></quickcreatesequence>
<displaytype>1</displaytype>
<info_type>BAS</info_type>
<helpinfo><![CDATA[]]></helpinfo>
<masseditable>1</masseditable>
<picklistvalues>
<picklistvalue>Type 1</picklistvalue>
<picklistvalue>Type 2</picklistvalue>
<picklistvalue>Type 3</picklistvalue>
</picklistvalues>
</field>
<field>
<fieldname>tksdescription</fieldname>
<uitype>21</uitype>
<columnname>tksdescription</columnname>
<tablename>vtiger_tickets</tablename>
<generatedtype>1</generatedtype>
<fieldlabel>Description</fieldlabel>
<readonly>1</readonly>
<presence>2</presence>
<defaultvalue></defaultvalue>
<sequence>3</sequence>
<maximumlength>250</maximumlength>
<typeofdata>V~O</typeofdata>
<quickcreate>1</quickcreate>
<quickcreatesequence></quickcreatesequence>
<displaytype>1</displaytype>
<info_type>BAS</info_type>
<helpinfo><![CDATA[]]></helpinfo>
<masseditable>1</masseditable>
</field>
<field>
<fieldname>tksamountavailable</fieldname>
<uitype>7</uitype>
<columnname>tksamountavailable</columnname>
<tablename>vtiger_tickets</tablename>
<generatedtype>1</generatedtype>
<fieldlabel>Amount Available</fieldlabel>
<readonly>1</readonly>
<presence>2</presence>
<defaultvalue></defaultvalue>
<sequence>6</sequence>
<maximumlength>25</maximumlength>
<typeofdata>N~O</typeofdata>
<quickcreate>1</quickcreate>
<quickcreatesequence></quickcreatesequence>
<displaytype>1</displaytype>
<info_type>BAS</info_type>
<helpinfo><![CDATA[]]></helpinfo>
<masseditable>1</masseditable>
</field>
<field>
<fieldname>tksticketprice</fieldname>
<uitype>71</uitype>
<columnname>tksticketprice</columnname>
<tablename>vtiger_tickets</tablename>
<generatedtype>1</generatedtype>
<fieldlabel>Ticket Price</fieldlabel>
<readonly>1</readonly>
<presence>2</presence>
<defaultvalue></defaultvalue>
<sequence>5</sequence>
<maximumlength>100</maximumlength>
<typeofdata>N~O</typeofdata>
<quickcreate>1</quickcreate>
<quickcreatesequence></quickcreatesequence>
<displaytype>1</displaytype>
<info_type>BAS</info_type>
<helpinfo><![CDATA[]]></helpinfo>
<masseditable>1</masseditable>
</field>
<field>
<fieldname>tkschannels</fieldname>
<uitype>33</uitype>
<columnname>tkschannels</columnname>
<tablename>vtiger_tickets</tablename>
<generatedtype>1</generatedtype>
<fieldlabel>Channels</fieldlabel>
<readonly>1</readonly>
<presence>2</presence>
<defaultvalue></defaultvalue>
<sequence>8</sequence>
<maximumlength>100</maximumlength>
<typeofdata>V~O</typeofdata>
<quickcreate>1</quickcreate>
<quickcreatesequence></quickcreatesequence>
<displaytype>1</displaytype>
<info_type>BAS</info_type>
<helpinfo><![CDATA[]]></helpinfo>
<masseditable>1</masseditable>
<picklistvalues>
<picklistvalue>Online</picklistvalue>
<picklistvalue>At Event</picklistvalue>
<picklistvalue>Other</picklistvalue>
</picklistvalues>
</field>
<field>
<fieldname>tksstartdate</fieldname>
<uitype>5</uitype>
<columnname>tksstartdate</columnname>
<tablename>vtiger_tickets</tablename>
<generatedtype>1</generatedtype>
<fieldlabel>Start Date</fieldlabel>
<readonly>1</readonly>
<presence>2</presence>
<defaultvalue></defaultvalue>
<sequence>7</sequence>
<maximumlength>100</maximumlength>
<typeofdata>D~O</typeofdata>
<quickcreate>1</quickcreate>
<quickcreatesequence></quickcreatesequence>
<displaytype>1</displaytype>
<info_type>BAS</info_type>
<helpinfo><![CDATA[]]></helpinfo>
<masseditable>1</masseditable>
</field>
<field>
<fieldname>tksenddate</fieldname>
<uitype>5</uitype>
<columnname>tksenddate</columnname>
<tablename>vtiger_tickets</tablename>
<generatedtype>1</generatedtype>
<fieldlabel>End Date</fieldlabel>
<readonly>1</readonly>
<presence>2</presence>
<defaultvalue></defaultvalue>
<sequence>10</sequence>
<maximumlength>100</maximumlength>
<typeofdata>D~O</typeofdata>
<quickcreate>1</quickcreate>
<quickcreatesequence></quickcreatesequence>
<displaytype>1</displaytype>
<info_type>BAS</info_type>
<helpinfo><![CDATA[]]></helpinfo>
<masseditable>1</masseditable>
</field>
<field>
<fieldname>tksticketowner</fieldname>
<uitype>10</uitype>
<columnname>tksticketowner</columnname>
<tablename>vtiger_tickets</tablename>
<generatedtype>1</generatedtype>
<fieldlabel>Ticket Owner</fieldlabel>
<readonly>1</readonly>
<presence>2</presence>
<defaultvalue></defaultvalue>
<sequence>9</sequence>
<maximumlength>100</maximumlength>
<typeofdata>V~O</typeofdata>
<quickcreate>1</quickcreate>
<quickcreatesequence></quickcreatesequence>
<displaytype>1</displaytype>
<info_type>BAS</info_type>
<helpinfo><![CDATA[]]></helpinfo>
<masseditable>1</masseditable>
<relatedmodules>
<relatedmodule>Contacts</relatedmodule>
</relatedmodules>
</field>
<field>
<fieldname>tksevent</fieldname>
<uitype>10</uitype>
<columnname>tksevent</columnname>
<tablename>vtiger_tickets</tablename>
<generatedtype>1</generatedtype>
<fieldlabel>Event</fieldlabel>
<readonly>1</readonly>
<presence>2</presence>
<defaultvalue></defaultvalue>
<sequence>12</sequence>
<maximumlength>100</maximumlength>
<typeofdata>V~M</typeofdata>
<quickcreate>1</quickcreate>
<quickcreatesequence></quickcreatesequence>
<displaytype>1</displaytype>
<info_type>BAS</info_type>
<helpinfo><![CDATA[]]></helpinfo>
<masseditable>1</masseditable>
<relatedmodules>
<relatedmodule>Event</relatedmodule>
</relatedmodules>
</field>
<field>
<fieldname>assigned_user_id</fieldname>
<uitype>53</uitype>
<columnname>smownerid</columnname>
<tablename>vtiger_crmentity</tablename>
<generatedtype>1</generatedtype>
<fieldlabel>Assigned To</fieldlabel>
<readonly>1</readonly>
<presence>2</presence>
<defaultvalue></defaultvalue>
<sequence>11</sequence>
<maximumlength>100</maximumlength>
<typeofdata>V~M</typeofdata>
<quickcreate>1</quickcreate>
<quickcreatesequence></quickcreatesequence>
<displaytype>1</displaytype>
<info_type>BAS</info_type>
<helpinfo><![CDATA[]]></helpinfo>
<masseditable>1</masseditable>
</field>
<field>
<fieldname>CreatedTime</fieldname>
<uitype>70</uitype>
<columnname>createdtime</columnname>
<tablename>vtiger_crmentity</tablename>
<generatedtype>1</generatedtype>
<fieldlabel>Created Time</fieldlabel>
<readonly>1</readonly>
<presence>2</presence>
<defaultvalue></defaultvalue>
<sequence>14</sequence>
<maximumlength>100</maximumlength>
<typeofdata>T~O</typeofdata>
<quickcreate>1</quickcreate>
<quickcreatesequence></quickcreatesequence>
<displaytype>2</displaytype>
<info_type>BAS</info_type>
<helpinfo><![CDATA[]]></helpinfo>
<masseditable>1</masseditable>
</field>
<field>
<fieldname>ModifiedTime</fieldname>
<uitype>70</uitype>
<columnname>modifiedtime</columnname>
<tablename>vtiger_crmentity</tablename>
<generatedtype>1</generatedtype>
<fieldlabel>Modified Time</fieldlabel>
<readonly>1</readonly>
<presence>2</presence>
<defaultvalue></defaultvalue>
<sequence>13</sequence>
<maximumlength>100</maximumlength>
<typeofdata>T~O</typeofdata>
<quickcreate>1</quickcreate>
<quickcreatesequence></quickcreatesequence>
<displaytype>2</displaytype>
<info_type>BAS</info_type>
<helpinfo><![CDATA[]]></helpinfo>
<masseditable>1</masseditable>
</field>
<field>
<fieldname>cf_943</fieldname>
<uitype>15</uitype>
<columnname>cf_943</columnname>
<tablename>vtiger_tickets</tablename>
<generatedtype>2</generatedtype>
<fieldlabel>Membership Type</fieldlabel>
<readonly>0</readonly>
<presence>2</presence>
<defaultvalue></defaultvalue>
<sequence>4</sequence>
<maximumlength>100</maximumlength>
<typeofdata>V~O</typeofdata>
<quickcreate>1</quickcreate>
<quickcreatesequence>0</quickcreatesequence>
<displaytype>1</displaytype>
<info_type>BAS</info_type>
<helpinfo><![CDATA[]]></helpinfo>
<masseditable>1</masseditable>
<picklistvalues>
<picklistvalue>Member Patron</picklistvalue>
<picklistvalue>Member Corporate</picklistvalue>
<picklistvalue>Member Small Business</picklistvalue>
<picklistvalue>Member Wine &amp; Dine</picklistvalue>
<picklistvalue>Member Individual</picklistvalue>
<picklistvalue>Member Young Professional</picklistvalue>
<picklistvalue>Cancelled Member</picklistvalue>
<picklistvalue>Government</picklistvalue>
<picklistvalue>Sponsor</picklistvalue>
<picklistvalue>In Kind Member</picklistvalue>
<picklistvalue>Analyst</picklistvalue>
<picklistvalue>Investor</picklistvalue>
<picklistvalue>Partner</picklistvalue>
</picklistvalues>
</field>
</fields>
</block>
</blocks>
<customviews>
<customview>
<viewname>All</viewname>
<setdefault>false</setdefault>
<setmetrics>false</setmetrics>
<fields>
<field>
<fieldname>ticketsno</fieldname>
<columnindex>0</columnindex>
</field>
<field>
<fieldname>tksticketname</fieldname>
<columnindex>1</columnindex>
</field>
<field>
<fieldname>tickets_tkstickettype</fieldname>
<columnindex>2</columnindex>
</field>
<field>
<fieldname>tksevent</fieldname>
<columnindex>3</columnindex>
</field>
<field>
<fieldname>assigned_user_id</fieldname>
<columnindex>4</columnindex>
</field>
</fields>
</customview>
<customview>
<viewname>All</viewname>
<setdefault>false</setdefault>
<setmetrics>false</setmetrics>
<fields>
<field>
<fieldname>ticketsno</fieldname>
<columnindex>0</columnindex>
</field>
<field>
<fieldname>tksticketname</fieldname>
<columnindex>1</columnindex>
</field>
<field>
<fieldname>tickets_tkstickettype</fieldname>
<columnindex>2</columnindex>
</field>
<field>
<fieldname>tksevent</fieldname>
<columnindex>3</columnindex>
</field>
<field>
<fieldname>assigned_user_id</fieldname>
<columnindex>4</columnindex>
</field>
</fields>
</customview>
<customview>
<viewname>All</viewname>
<setdefault>false</setdefault>
<setmetrics>false</setmetrics>
<fields>
<field>
<fieldname>ticketsno</fieldname>
<columnindex>0</columnindex>
</field>
<field>
<fieldname>tksticketname</fieldname>
<columnindex>1</columnindex>
</field>
<field>
<fieldname>tickets_tkstickettype</fieldname>
<columnindex>2</columnindex>
</field>
<field>
<fieldname>tksevent</fieldname>
<columnindex>3</columnindex>
</field>
<field>
<fieldname>assigned_user_id</fieldname>
<columnindex>4</columnindex>
</field>
</fields>
</customview>
<customview>
<viewname>All</viewname>
<setdefault>false</setdefault>
<setmetrics>false</setmetrics>
<fields>
<field>
<fieldname>ticketsno</fieldname>
<columnindex>0</columnindex>
</field>
<field>
<fieldname>tksticketname</fieldname>
<columnindex>1</columnindex>
</field>
<field>
<fieldname>tickets_tkstickettype</fieldname>
<columnindex>2</columnindex>
</field>
<field>
<fieldname>tksevent</fieldname>
<columnindex>3</columnindex>
</field>
<field>
<fieldname>assigned_user_id</fieldname>
<columnindex>4</columnindex>
</field>
</fields>
</customview>
</customviews>
<sharingaccess>
<default>private</default>
</sharingaccess>
<actions>
<action>
<name><![CDATA[Import]]></name>
<status>enabled</status>
</action>
<action>
<name><![CDATA[Export]]></name>
<status>enabled</status>
</action>
<action>
<name><![CDATA[Merge]]></name>
<status>enabled</status>
</action>
</actions>
<relatedlists>
<relatedlist>
<function>get_related_list</function>
<label>Leads</label>
<sequence>2</sequence>
<presence>0</presence>
<actions>
<action>NULL</action>
</actions>
<relatedmodule>Leads</relatedmodule>
</relatedlist>
<relatedlist>
<function>get_related_list</function>
<label>Event</label>
<sequence>3</sequence>
<presence>0</presence>
<actions>
<action>NULL</action>
</actions>
<relatedmodule>Event</relatedmodule>
</relatedlist>
<relatedlist>
<function>get_related_list</function>
<label>Leads</label>
<sequence>5</sequence>
<presence>0</presence>
<actions>
<action>NULL</action>
</actions>
<relatedmodule>Leads</relatedmodule>
</relatedlist>
<relatedlist>
<function>get_related_list</function>
<label>Event</label>
<sequence>6</sequence>
<presence>0</presence>
<actions>
<action>NULL</action>
</actions>
<relatedmodule>Event</relatedmodule>
</relatedlist>
<relatedlist>
<function>get_related_list</function>
<label>Contacts</label>
<sequence>7</sequence>
<presence>0</presence>
<actions>
<action>SELECT</action>
</actions>
<relatedmodule>Contacts</relatedmodule>
</relatedlist>
</relatedlists>
<crons>
</crons>
</module>
